Workbook
Name c_net: #REF!
Name daly_case: #REF!
Name eff_itn: #REF!
Name r_inf: #REF!

Sheet executive_summary_2021
A1: Executive Summary - Insecticide Treated Nets (ITN) Cost-Effectiveness (Nigeria 2021)
A2: Cost-Effectiveness of ITN Distribution - Nigeria 2021 Analysis of ITN ownership, usage and impact among children under 5 across 6 geopolitical zones Key Results Average Cost per DALY Averted ≈ $3098 Average Cost per Case Averted ≈ $62 Total DALYs Averted ≈ 27519 Most Cost-Effective Zone: North West Least Cost-Effective Zone: South West
A15: Insights & Implications High usage drives efficiency: Northern zones (especially North West & North East) achieve lower cost per DALY due to stronger adoption. Behavioural barriers: Southern zones show very higher cost per DALY implying lower usage despite access - impacting the program efficiency. Shifting focus: behaviour change and maintenance campaigns could yield higher impact than distributing additional nets Overall conclusion: ITN distribution remains a highly cost-effective malaria intervention for Nigeria | F15: Data Sources NMIS 2021: ITN ownership & usage, qualitative barriers (non-use reasons), malaria prevalence rates UN WPP 2021: Population under 5 GBD 2019: DALY per case Assumptions Cost per net delivered: $5.5 per net Infection rate: 0.25 (25%) Efficacy of ITN: 0.50 (1 net for every 2 people) DALYs per case: 0.02

Sheet dashboard_2021
A1: Cost-Effectiveness of ITN Distribution — Nigeria (2021 NMIS) Executive Dashboard
A4: Average Cost per DALY Averted $3098
A8: Average Cost per Case Averted $62
A12: Total DALYs Averted ≈27,520
A16: Most Cost-Effective Zone North West
A20: Average Usage Gap ≈17.6%
A25: Key Insights & Program Implications High adoption drives cost-efficiency: Northern zones (North West, North East) achieve the lowest cost per DALY averted due to strong ITN usage and campaign reach. Behavioral barriers reduce impact: Southern zones (South West, South East) show higher ownership–usage gaps, often linked to heat, comfort, or perceived low malaria risk. Future focus: Integrating behavior-change communication and net maintenance programs in low-usage areas could yield the greatest marginal gains. Program recommendation: Maintain net distribution coverage while reallocating part of resources to community engagement and replacement of worn nets.

Sheet zone_summary_table_2021
A1: Zone | B1: ITN Ownership (%) | C1: ITN Usage (%) | D1: Usage Gap (%) | E1: U5 Population Estimate | F1: Children Protected | G1: Children Potentially Protected | H1: Additional Children if Gap Closed | I1: Data Confidence | J1: Qualitative Summary | K1: Estimated Cost to Deliver per Net | L1: Estimated Total Cost | M1: Cost per Additional Child Protected | N1: Cost per Case Averted | O1: Cost per DALY Averted | P1: Notes Source
A2: North Central | B2: 49.9 | C2: 30.5 | D2: 19.4 | E2: 7750000 | F2: 2363750 | G2: 3867250 | H2: 1503500 | I2: High | J2: Heat and no-mosquito perception; relatively aware zone | K2: 5.5 | L2: 21312500 | M2: 14.175258 | N2: 72.131148 | O2: 3606.5574 | P2: UN WPP 2021 (U5 pop); NMIS 2021 Table 3.8.1 (qual notes)
A3: North East | B3: 72 | C3: 50.8 | D3: 21.2 | E3: 4650000 | F3: 2362200 | G3: 3348000 | H3: 985800 | I3: High | J3: Low non-use; perceived low risk despite high ownership | K3: 5.5 | L3: 12787500 | M3: 12.971698 | N3: 43.307087 | O3: 2165.3543 | P3: UN WPP 2021 (U5 pop); NMIS 2021 Table 3.8.1 (qual notes)
A4: North West | B4: 75.8 | C4: 54.6 | D4: 21.2 | E4: 5270000 | F4: 2877420 | G4: 3994660 | H4: 1117240 | I4: High | J4: Low non-use; ageing nets limit usage | K4: 5.5 | L4: 14492500 | M4: 12.971698 | N4: 40.29304 | O4: 2014.652 | P4: UN WPP 2021 (U5 pop); NMIS 2021 Table 3.8.1 (qual notes)
A5: South East | B5: 36.9 | C5: 29.5 | D5: 7.4 | E5: 5270000 | F5: 1554650 | G5: 1944630 | H5: 389980 | I5: High | J5: High non-use; low perceived risk, too hot | K5: 5.5 | L5: 14492500 | M5: 37.162162 | N5: 74.576271 | O5: 3728.8136 | P5: UN WPP 2021 (U5 pop); NMIS 2021 Table 3.8.1 (qual notes)
A6: South South | B6: 39.3 | C6: 23.7 | D6: 15.6 | E6: 4030000 | F6: 955110 | G6: 1583790 | H6: 628680 | I6: High | J6: High non-use; heat and comfort barriers | K6: 5.5 | L6: 11082500 | M6: 17.628205 | N6: 92.827004 | O6: 4641.3502 | P6: UN WPP 2021 (U5 pop); NMIS 2021 Table 3.8.1 (qual notes)
A7: South West | B7: 42.5 | C7: 22.2 | D7: 20.3 | E7: 4030000 | F7: 894660 | G7: 1712750 | H7: 818090 | I7: High | J7: Highest non-use; comfort and urban lifestyle | K7: 5.5 | L7: 11082500 | M7: 13.546798 | N7: 99.099099 | O7: 4954.955 | P7: UN WPP 2021 (U5 pop); NMIS 2021 Table 3.8.1 (qual notes)
A8: National Total | B8: 53.068 | C8: 35.509 | D8: 17.559 | E8: 31000000 | F8: 11007790 | G8: 16451080 | H8: 5443290 | L8: 85250000 | M8: 15.661484 | N8: 61.956124 | O8: 3097.8062

Sheet zone_visuals_2021

Sheet zone_metrics_2021
A1: zone | B1: itn_ownership_households_pct | C1: u5_itn_usage_pct | D1: usage_gap_pct | E1: u5_population_estimate | F1: children_protected | G1: children_potentially_protected | H1: addl_children_if_gap_closed | I1: data_confidence | J1: qual_context_notes | K1: est_cost_per_net_delivered_usd | L1: nets_needed_ratio | M1: est_total_cost_zone_usd | N1: cost_per_addl_child_protected_usd | O1: national_total | P1: zone_share | Q1: notes_source
A2: North Central | B2: 49.9 | C2: 30.5 | D2: 19.4 | E2: =O2*P2 -> 7750000 | F2: =(E2*C2)/100 -> 2363750 | G2: =(E2*B2)/100 -> 3867250 | H2: =G2-F2 -> 1503500 | I2: High | J2: Moderate non-use (21.5%); driven by heat (22%) and no-mosquito perception (22%); lowest ‘not needed’ rate (16%) suggests awareness gains. | K2: 5.5 | L2: 0.5 | M2: =E2*L2*K2 -> 21312500 | N2: =M2/H2 -> 14.175258 | O2: 31000000 | P2: 0.25 | Q2: UN WPP 2021 (U5 pop); NMIS 2021 Table 3.8.1 (qual notes), PMI Nigeria Country Profile 2021; WHO World Malaria Report 2023 (LLIN unit cost ≈ $5.5)
A3: North East | B3: 72 | C3: 50.8 | D3: 21.2 | E3: =O3*P3 -> 4650000 | F3: =(E3*C3)/100 -> 2362200 | G3: =(E3*B3)/100 -> 3348000 | H3: =G3-F3 -> 985800 | I3: High | J3: Relatively low net non-use (17.3%); ‘not needed (26%)’ and ‘no mosquitoes (24%)’ indicate perceived lower risk | K3: 5.5 | L3: 0.5 | M3: =E3*L3*K3 -> 12787500 | N3: =M3/H3 -> 12.971698 | O3: 31000000 | P3: 0.15 | Q3: UN WPP 2021 (U5 pop); NMIS 2021 Table 3.8.1 (qual notes), PMI Nigeria Country Profile 2021; WHO World Malaria Report 2023 (LLIN unit cost ≈ $5.5)
A4: North West | B4: 75.8 | C4: 54.6 | D4: 21.2 | E4: =O4*P4 -> 5270000 | F4: =(E4*C4)/100 -> 2877420 | G4: =(E4*B4)/100 -> 3994660 | H4: =G4-F4 -> 1117240 | I4: High | J4: Lowest net non-use (15.8%); main reasons ‘not needed (27%)’ and ‘old/torn nets (16%)’; usage limited by wear-and-tear. | K4: 5.5 | L4: 0.5 | M4: =E4*L4*K4 -> 14492500 | N4: =M4/H4 -> 12.971698 | O4: 31000000 | P4: 0.17 | Q4: UN WPP 2021 (U5 pop); NMIS 2021 Table 3.8.1 (qual notes), PMI Nigeria Country Profile 2021; WHO World Malaria Report 2023 (LLIN unit cost ≈ $5.5)
A5: South East | B5: 36.9 | C5: 29.5 | D5: 7.4 | E5: =O5*P5 -> 5270000 | F5: =(E5*C5)/100 -> 1554650 | G5: =(E5*B5)/100 -> 1944630 | H5: =G5-F5 -> 389980 | I5: High | J5: High net non-use (42.6%); key reasons ‘not needed (35%)’ and ‘too hot (23%)’; strong perception of low malaria risk. | K5: 5.5 | L5: 0.5 | M5: =E5*L5*K5 -> 14492500 | N5: =M5/H5 -> 37.162162 | O5: 31000000 | P5: 0.17 | Q5: UN WPP 2021 (U5 pop); NMIS 2021 Table 3.8.1 (qual notes), PMI Nigeria Country Profile 2021; WHO World Malaria Report 2023 (LLIN unit cost ≈ $5.5)
A6: South South | B6: 39.3 | C6: 23.7 | D6: 15.6 | E6: =O6*P6 -> 4030000 | F6: =(E6*C6)/100 -> 955110 | G6: =(E6*B6)/100 -> 1583790 | H6: =G6-F6 -> 628680 | I6: High | J6: High non-use (43.8%); dominated by ‘too hot (28%)’ and ‘not needed (18%)’; climate discomfort major barrier. | K6: 5.5 | L6: 0.5 | M6: =E6*L6*K6 -> 11082500 | N6: =M6/H6 -> 17.628205 | O6: 31000000 | P6: 0.13 | Q6: UN WPP 2021 (U5 pop); NMIS 2021 Table 3.8.1 (qual notes), PMI Nigeria Country Profile 2021; WHO World Malaria Report 2023 (LLIN unit cost ≈ $5.5)
A7: South West | B7: 42.5 | C7: 22.2 | D7: 20.3 | E7: =O7*P7 -> 4030000 | F7: =(E7*C7)/100 -> 894660 | G7: =(E7*B7)/100 -> 1712750 | H7: =G7-F7 -> 818090 | I7: High | J7: Highest non-use (46.6%); ‘not needed (22%)’ and ‘too hot (19%)’; reflect comfort and urban lifestyle factors. | K7: 5.5 | L7: 0.5 | M7: =E7*L7*K7 -> 11082500 | N7: =M7/H7 -> 13.546798 | O7: 31000000 | P7: 0.13 | Q7: UN WPP 2021 (U5 pop); NMIS 2021 Table 3.8.1 (qual notes), PMI Nigeria Country Profile 2021; WHO World Malaria Report 2023 (LLIN unit cost ≈ $5.5)
A8: National Total | B8: =SUMPRODUCT(B2:B7, E2:E7)/SUM(E2:E7) -> 53.068 | C8: =SUMPRODUCT(C2:C7, E2:E7)/SUM(E2:E7) -> 35.509 | D8: =B8-C8 -> 17.559 | E8: =SUM(E2:E7) -> 31000000 | F8: =SUM(F2:F7) -> 11007790 | G8: =SUM(G2:G7) -> 16451080 | H8: =SUM(H2:H7) -> 5443290 | M8: =SUM(M2:M7) -> 85250000 | N8: =M8/H8 -> 15.661484 | P8: =SUM(P2:P7) -> 1

Sheet impact_visuals_2021

Sheet impact_model_2021
A1: zone | B1: u5_population_estimate | C1: children_protected | D1: addln_children_if_gap_closed | E1: infection_rate_unprotected | F1: protective_efficacy | G1: daly_per_case | H1: cases_averted | I1: dalys_averted | J1: cases_averted_if_gap_closed | K1: est_total_cost_zone_usd | L1: cost_per_case_averted | M1: cost_per_daly_averted | N1: cost_per_addln_child_protected_usd | O1: rank_cost_effectiveness | P1: notes_source
A2: =zone_metrics_2021!A2 -> North Central | B2: =zone_metrics_2021!E2 -> 7750000 | C2: =zone_metrics_2021!F2 -> 2363750 | D2: =zone_metrics_2021!H2 -> 1503500 | E2: 0.25 | F2: 0.5 | G2: 0.02 | H2: =C2*$E2*$F2 -> 295468.75 | I2: =H2*G2 -> 5909.375 | J2: =D2*$E2*$F2 -> 187937.5 | K2: =zone_metrics_2021!M2 -> 21312500 | L2: =IFERROR($K2/$H2, "") -> 72.131148 | M2: =IFERROR($K2/$I2,"") -> 3606.5574 | N2: =zone_metrics_2021!N2 -> 14.175258 | O2: =RANK(M2,$M$2:$M$7, 1) -> 3 | P2: WHO WMR 2023 (infection rate); Cochrane 2004 (efficacy); GBD 2021 (DALY/case)
A3: =zone_metrics_2021!A3 -> North East | B3: =zone_metrics_2021!E3 -> 4650000 | C3: =zone_metrics_2021!F3 -> 2362200 | D3: =zone_metrics_2021!H3 -> 985800 | E3: 0.25 | F3: 0.5 | G3: 0.02 | H3: =C3*$E3*$F3 -> 295275 | I3: =H3*G3 -> 5905.5 | J3: =D3*$E3*$F3 -> 123225 | K3: =zone_metrics_2021!M3 -> 12787500 | L3: =IFERROR($K3/$H3, "") -> 43.307087 | M3: =IFERROR($K3/$I3,"") -> 2165.3543 | N3: =zone_metrics_2021!N3 -> 12.971698 | O3: =RANK(M3,$M$2:$M$7, 1) -> 2 | P3: WHO WMR 2023 (infection rate); Cochrane 2004 (efficacy); GBD 2021 (DALY/case)
A4: =zone_metrics_2021!A4 -> North West | B4: =zone_metrics_2021!E4 -> 5270000 | C4: =zone_metrics_2021!F4 -> 2877420 | D4: =zone_metrics_2021!H4 -> 1117240 | E4: 0.25 | F4: 0.5 | G4: 0.02 | H4: =C4*$E4*$F4 -> 359677.5 | I4: =H4*G4 -> 7193.55 | J4: =D4*$E4*$F4 -> 139655 | K4: =zone_metrics_2021!M4 -> 14492500 | L4: =IFERROR($K4/$H4, "") -> 40.29304 | M4: =IFERROR($K4/$I4,"") -> 2014.652 | N4: =zone_metrics_2021!N4 -> 12.971698 | O4: =RANK(M4,$M$2:$M$7, 1) -> 1 | P4: WHO WMR 2023 (infection rate); Cochrane 2004 (efficacy); GBD 2021 (DALY/case)
A5: =zone_metrics_2021!A5 -> South East | B5: =zone_metrics_2021!E5 -> 5270000 | C5: =zone_metrics_2021!F5 -> 1554650 | D5: =zone_metrics_2021!H5 -> 389980 | E5: 0.25 | F5: 0.5 | G5: 0.02 | H5: =C5*$E5*$F5 -> 194331.25 | I5: =H5*G5 -> 3886.625 | J5: =D5*$E5*$F5 -> 48747.5 | K5: =zone_metrics_2021!M5 -> 14492500 | L5: =IFERROR($K5/$H5, "") -> 74.576271 | M5: =IFERROR($K5/$I5,"") -> 3728.8136 | N5: =zone_metrics_2021!N5 -> 37.162162 | O5: =RANK(M5,$M$2:$M$7, 1) -> 4 | P5: WHO WMR 2023 (infection rate); Cochrane 2004 (efficacy); GBD 2021 (DALY/case)
A6: =zone_metrics_2021!A6 -> South South | B6: =zone_metrics_2021!E6 -> 4030000 | C6: =zone_metrics_2021!F6 -> 955110 | D6: =zone_metrics_2021!H6 -> 628680 | E6: 0.25 | F6: 0.5 | G6: 0.02 | H6: =C6*$E6*$F6 -> 119388.75 | I6: =H6*G6 -> 2387.775 | J6: =D6*$E6*$F6 -> 78585 | K6: =zone_metrics_2021!M6 -> 11082500 | L6: =IFERROR($K6/$H6, "") -> 92.827004 | M6: =IFERROR($K6/$I6,"") -> 4641.3502 | N6: =zone_metrics_2021!N6 -> 17.628205 | O6: =RANK(M6,$M$2:$M$7, 1) -> 5 | P6: WHO WMR 2023 (infection rate); Cochrane 2004 (efficacy); GBD 2021 (DALY/case)
A7: =zone_metrics_2021!A7 -> South West | B7: =zone_metrics_2021!E7 -> 4030000 | C7: =zone_metrics_2021!F7 -> 894660 | D7: =zone_metrics_2021!H7 -> 818090 | E7: 0.25 | F7: 0.5 | G7: 0.02 | H7: =C7*$E7*$F7 -> 111832.5 | I7: =H7*G7 -> 2236.65 | J7: =D7*$E7*$F7 -> 102261.25 | K7: =zone_metrics_2021!M7 -> 11082500 | L7: =IFERROR($K7/$H7, "") -> 99.099099 | M7: =IFERROR($K7/$I7,"") -> 4954.955 | N7: =zone_metrics_2021!N7 -> 13.546798 | O7: =RANK(M7,$M$2:$M$7, 1) -> 6 | P7: WHO WMR 2023 (infection rate); Cochrane 2004 (efficacy); GBD 2021 (DALY/case)
A8: National Total | B8: =SUM(B2:B7) -> 31000000 | C8: =SUM(C2:C7) -> 11007790 | D8: =SUM(D2:D7) -> 5443290 | H8: =SUM(H2:H7) -> 1375973.8 | I8: =SUM(I2:I7) -> 27519.475 | J8: =SUM(J2:J7) -> 680411.25 | K8: =SUM(K2:K7) -> 85250000 | L8: =IFERROR($K8/$H8, "") -> 61.956124 | M8: =IFERROR($K8/$I8, "") -> 3097.8062 | N8: =IFERROR($K8/$D8, "") -> 15.661484

Sheet visualisation_helper
A1: zone | B1: cost_per_daly_averted | C1: usage_gap_pct | D1: cost_per_case_averted
A2: North West | B2: 2014.652 | C2: =zone_metrics_2021!D2 -> 19.4 | D2: =impact_model_2021!L2 -> 72.131148
A3: North East | B3: 2165.3543 | C3: =zone_metrics_2021!D3 -> 21.2 | D3: =impact_model_2021!L3 -> 43.307087
A4: North Central | B4: 3606.5574 | C4: =zone_metrics_2021!D4 -> 21.2 | D4: =impact_model_2021!L4 -> 40.29304
A5: South East | B5: 3728.8136 | C5: =zone_metrics_2021!D5 -> 7.4 | D5: =impact_model_2021!L5 -> 74.576271
A6: South South | B6: 4641.3502 | C6: =zone_metrics_2021!D6 -> 15.6 | D6: =impact_model_2021!L6 -> 92.827004
A7: South West | B7: 4954.955 | C7: =zone_metrics_2021!D7 -> 20.3 | D7: =impact_model_2021!L7 -> 99.099099
